#,RegDate,first_Name,last_Name,Email_Address,HomePhone,Street,City,State,Zipcode
7,11/12/08 16:05,mary kate,curry,wmppydaymaker@jumpstartlab.com,2023281000,1509 Jackson Street,baltimore,md,21230
30,12/3/08 21:43,sarah,cordova,tmai.202@jumpstartlab.com,4109639000,5430 Hesperus Drive,columbia,md,21044
32,12/4/08 9:21,greg,dzara,jmpender@jumpstartlab.com,3012702000,122 Park Avenue,takoma park,md,20912
113,12/10/08 11:51,jacqueline,chan,dpstrunn@jumpstartlab.com,2022567000,4 Delford Ave,silver spring,md,20904
119,12/10/08 21:42,ann,macconnell,suslandgurl@jumpstartlab.com,5145448000,11025 Graymarsh Place,ijamsville,md,21754
132,12/11/08 18:00,caitlin,spitz,guhn@jumpstartlab.com,2408998000,4405 29th Street,mount rainier,md,20712
147,12/13/08 10:34,megan,fea,mball13@jumpstartlab.com,4103820000,2908 Old Court Road,baltimore,md,21208
155,12/15/08 0:39,gena,taylor,kabbbbbnnnnnnn@jumpstartlab.com,4109086000,11846 Winterlong Way,columbia,md,21044
270,12/18/08 16:21,jordan,neer,oklerd52@jumpstartlab.com,,7501 Mayfair Court,mount airy,md,21771
337,12/19/08 10:11,emma,bookstein,vranaveytsman@jumpstartlab.com,,6120 Snowden's Run,eldersburg,md,21784
437,12/19/08 18:35,laura,rios,iltherine.durkin@jumpstartlab.com,2408930000,705 Colby Ave.,takoma park,md,20912
465,12/20/08 11:32,abby,lam,kdmes.paul89@jumpstartlab.com,2404780000,P O Box 346,garrett park,md,20896
467,12/20/08 11:43,edward,mathieson,uwackett@jumpstartlab.com,3014486000,5011 Flanders Ave.,kensington,md,20895
468,12/20/08 11:47,urs,stein,oaycejc3@jumpstartlab.com,3018285000,5217 Elsmere Ave.,bethesda,md,20814
469,12/20/08 11:53,kris,forrester,fcuerra1@jumpstartlab.com,3017676000,10233 Farnham Drive,bethesda,md,20814
470,12/20/08 11:58,helene,van beek,vsckmajm@jumpstartlab.com,2027010000,11501 Regnid Dr.,silver spring,md,20902
471,12/20/08 12:05,jane,dahan,sfarrell@jumpstartlab.com,3019103000,9802 Holmhurst Rd,bethesda,md,20817
472,12/20/08 12:18,vinicio,healey,tyicastout@jumpstartlab.com,3019103000,2800 Ducall Road,woodbine,md,21797
473,12/20/08 12:21,peter,farrell,orll18@jumpstartlab.com,3019103000,117 S Van Buren St,rockville,md,20850
474,12/20/08 12:26,emily,wolochow,mjith.farrell@jumpstartlab.com,30191804000,4413 Everett St,kensington,md,20891
475,12/20/08 12:34,viktoria,thibodeaux,oiresch@jumpstartlab.com,2406711000,3335 Hewitt Ave apt 302,silver spring,md,20906
476,12/20/08 12:40,bill,epstein,iiomasem@jumpstartlab.com,2406028000,2006 Luzerne Ave.,silver spring,md,20910
508,12/28/08 15:55,etsu,de haven,xglackwell.tidline@jumpstartlab.com,2404780000,2616 Colston Drive,chevy chase,md,20815
509,12/28/08 16:12,kathryn,hardy,vsilliard@jumpstartlab.com,3019227000,4400 Cambria Avenue,garrett park,md,20896
585,1/5/09 16:53,max,young,mbrena.whitridge@jumpstartlab.com,3017870000,5912 Somerset Rd.,riverdale,md,20737
696,1/7/09 11:58,mariana,hayes,xvicia.normand@jumpstartlab.com,7182906000,"6935 Laurel Ave, #201",takoma park,md,20912
700,1/7/09 14:52,robert,larkins,gmssicacrivas@jumpstartlab.com,,8094 Ventnor Road,pasadena,md,21122
729,1/10/09 12:44,sarah,ojeh,bfkelly@jumpstartlab.com,4104743000,8000 Boteler Lane Appt 248A,college park,md,20742
766,1/14/09 23:31,alex,garrett,taistin.sullivan@jumpstartlab.com,9084777000,xx,college park,md,20742
774,1/15/09 15:34,stephanie,udell,ihtherinemhoffman@jumpstartlab.com,2024980000,"10419 Glen Manor Dr.,",bowie,md,20720
806,1/15/09 19:11,dea,frey,ftuffman_k@jumpstartlab.com,6094254000,401 Rosemont Ave,frederick,md,21701
824,1/16/09 15:05,joe,rizzo,eooss_a@jumpstartlab.com,2405358000,xx,college park,md,20740
825,1/16/09 15:29,martina,panacionne,dqkevill@jumpstartlab.com,,PO Box 82,walkersville,md,21793
1028,1/20/09 19:54,null,beadle,ehdungan@jumpstartlab.com,,628 Barnes Ave,westminster,md,21157
1031,1/20/09 19:58,ben,stafne,crerymac13@jumpstartlab.com,,628 Barnes Ave,westminster,md,21157
1032,1/20/09 20:03,audrie,judge,rhfo8296@jumpstartlab.com,4108570000,2084 Old Fridinger Mill Rd,westminster,md,21157
1033,1/20/09 20:08,annie,young,pqrl.stockman@jumpstartlab.com,4108570000,2084 Old Fridinger Mill Rd,westminster,md,21157
1034,1/20/09 20:13,andrew,bauer,kpttri@jumpstartlab.com,4436054000,3032 Bird View Rd,westminster,md,21157
1036,1/20/09 20:17,elizabeth,derek,myugg@jumpstartlab.com,4436044000,3140 Slippery Elm Ct,westminster,md,21157
1037,1/20/09 20:22,kaitlin,theve,pcthan.taylor05@jumpstartlab.com,7249921,5911 Millrace Ct,columbia,md,21045
1041,1/20/09 20:27,chuck,evans-verret,qhrphy_jp@jumpstartlab.com,4438231000,2748 Old Westminster Pike,westminster,md,21048
1045,1/20/09 20:32,ali,maurer,bsicksam@jumpstartlab.com,2405222000,60 Pershing St,cumberland,md,21521
1049,1/20/09 20:38,john,huber,nileyd@jumpstartlab.com,3016897000,60 Pershing St,cumberland,md,21521
1194,1/20/09 23:22,catherine,ng,nhrtonwa@jumpstartlab.com,2406455000,3512 Woodbine St,chevy chase,md,20815
1202,1/20/09 23:28,dominika,calderado,jnyres@jumpstartlab.com,3013184000,8000 Boteler Lane Apt. 716,college park,md,20740
1212,1/20/09 23:36,corey,morris,wvz7y@jumpstartlab.com,3013184000,8000 Boteler Lane Apt. 716,college park,md,20740
1217,1/20/09 23:42,nichol,lally,xwckandahalf@jumpstartlab.com,2405931000,15611 Straughn Drive,laurel,md,20707
1222,1/20/09 23:46,andrew,waisbren,xkectrae@jumpstartlab.com,3013184000,"247-10 Leonardtown Hall, University of Maryland",college park,md,20742
1226,1/20/09 23:50,danielle,chan,dqagles64@jumpstartlab.com,5186510000,"6901 Preinkert Drive, Apt. 6601C",college park,md,20740
1231,1/20/09 23:51,sam,bates,gver0030@jumpstartlab.com,8479428000,"4215 Centreville Hall, University of Maryland",college park,md,20742
1233,1/20/09 23:54,christina,force,jtessert@jumpstartlab.com,3013184000,8000 Boteler Lane Apt. 716,college park,md,20740
1235,1/20/09 23:57,amelia,huggenkiss,namcgaughey@jumpstartlab.com,3013184000,8000 Boteler Lane,college park,md,20740
1238,1/20/09 23:59,bart,zwicker,assinclair10@jumpstartlab.com,4102124000,1414 Anna Marie Ct.,annapolis,md,21409
1241,1/21/09 0:01,keith,perez,bjui172@jumpstartlab.com,4105969000,8000 Boteler Lane,college park,md,20740
1243,1/21/09 0:03,jessie,moore,suowe@jumpstartlab.com,3013184000,8000 Boteler Lane,college park,md,20740
1349,1/21/09 13:37,nicole,neal,yyrown47@jumpstartlab.com,8605502000,1916 Mt. Royal Terrace,baltimore,md,21217
1416,1/21/09 15:59,nicolas,schiller,hsrahmills.sullivan@jumpstartlab.com,3016545000,4910 Cumberland Avenue,chevy chase,md,20815
1475,1/21/09 16:45,ian,o'shaughnessy,rwthomaswallace@jumpstartlab.com,4102592000,628 Barnes Ave,westminster,md,21157
1526,1/21/09 18:13,tracy,burdiss,fok32@jumpstartlab.com,4436177000,28 Heather Hill Rd,catonsville,md,21228
1528,1/21/09 18:17,tatiana,maccabe,mrise.gabriel@jumpstartlab.com,3017856000,1000 Hilltop Circle,baltimore,md,21250
1533,1/21/09 18:22,joe,lepore,uhenanova3@jumpstartlab.com,4437563000,1000 Hilltop Circle,baltimore,md,21250
1536,1/21/09 18:25,will,peterson,if7233a@jumpstartlab.com,3016462000,1000 Hilltop Circle,baltimore,md,21250
1538,1/21/09 18:29,bryan,somor,lwxiechick_heeler@jumpstartlab.com,4104195000,1000 Hilltop Circle,baltimore,md,21250
1552,1/21/09 18:48,andrew,cine,frkeith@jumpstartlab.com,4435283000,28 Advocate Hill Dr,jarrettsville,md,21084
1560,1/21/09 18:53,jessica,stockman,ewmms711@jumpstartlab.com,4439383000,1000 Hilltop Circle,baltimore,md,21250
1567,1/21/09 18:57,jessica,lumbert,tl@jumpstartlab.com,3019193000,1000 Hilltop Circle,baltimore,md,21250
1576,1/21/09 19:01,catherine,placey,vflly@jumpstartlab.com,8452641000,1000 Hilltop Circle,baltimore,md,21250
1582,1/21/09 19:04,elizabeth,hindes,nlristopherbentley@jumpstartlab.com,4104408000,1000 Hilltop Circle,baltimore,md,21250
1592,1/21/09 19:10,shannon,phillips,yuhrenwerth@jumpstartlab.com,2023290000,1000 Hilltop Circle,baltimore,md,21250
1598,1/21/09 19:12,gabriela,kiener,apaire.rosenkvist@jumpstartlab.com,4104093000,1000 Hilltop Circle,baltimore,md,21250
1602,1/21/09 19:14,ryan,duncombe,hamp9321@jumpstartlab.com,2038042000,1000 Hilltop Circle,baltimore,md,21250
1633,1/21/09 19:39,katelyn,jenkins,kqryan@jumpstartlab.com,9522396000,P.O. Box 15403,annapolis,md,21412
1764,1/21/09 20:51,david,two,mcmelhorn@jumpstartlab.com,3019105000,14001 Blazer Lane,silver spring,md,20906
1834,1/21/09 21:17,william,gardner,xgc1@jumpstartlab.com,4029904000,Campus Center 2527 16800 Pt. Lookout Rd,st. mary's city,md,20686
1843,1/21/09 21:22,francisco,rush,siather.jennings@jumpstartlab.com,2406201000,"Campus Center #1754, 16800 Point Lookout Rd",st. mary's city,md,20686
1866,1/21/09 21:30,leah,lapointe,vbmzar@jumpstartlab.com,2406201000,16800 Point Lookout Rd.,st. mary's city,md,20686
1881,1/21/09 21:36,jessica,barrows,kphndoe13@jumpstartlab.com,2406201000,16800 Point Lookout Road,st mary's city,md,20686
1901,1/21/09 21:44,kaitlin,santiago,gflajagger@jumpstartlab.com,5038053000,"Campus Center 2714, 16800 Point Lookout Rd.",st. mary's city,md,20686
1916,1/21/09 21:53,sophia,tecleab,cicampbe@jumpstartlab.com,4103704000,Campus center 1346 16800 point lookout rd,st mary's city,md,20686
1931,1/21/09 22:00,robert,oorthuys,awndol_n@jumpstartlab.com,7178564000,16800 Point Lookout Road,st mary's city,md,20686
1934,1/21/09 22:00,mollie,mussehl,juworthy@jumpstartlab.com,3019432000,"Campus Center #1067, 16800 Point Lookout Road",laurel,md,20686
1951,1/21/09 22:08,allegra,lopez,qssminemerriweather@jumpstartlab.com,7034240000,"Campus Center 1912, 16800 Point Lookout Rd",st mary's city,md,20686
1962,1/21/09 22:11,ginny,bartlett,fuberly.sinclair@jumpstartlab.com,5555555000,16800 point look road,st. mary's city,md,20686
1976,1/21/09 22:16,katya,oliver,pemoba6@jumpstartlab.com,5555555000,16800 point lookout rd,st marys city,md,20686
1981,1/21/09 22:17,laney,tyson,kaghav.goyal@jumpstartlab.com,3213215000,16800 Pt Lookout Rd,st. mary's city,md,20686
1989,1/21/09 22:19,heather,foley,ctohnson716@jumpstartlab.com,5555555000,16800 point lookout rd,st marys city,md,20686
1990,1/21/09 22:19,rachel,redmond,tcreilly@jumpstartlab.com,3213215000,16800 Pt Lookout Rd,st. marys city,md,20686
2000,1/21/09 22:22,ragini,moss,yusse.d.fries@jumpstartlab.com,5555555000,16800 Point lookout rd,st marys city,md,20686
2015,1/21/09 22:26,kadie,hillman,agara_wright@jumpstartlab.com,5555555000,16800 Point lookout rd,st marys city,md,20686
2017,1/21/09 22:26,erin,schy,rjchel.howson@jumpstartlab.com,3213215000,16800 Pt Lookout Rd,st. marys city,md,20686
2025,1/21/09 22:28,aida,nutter-upham,guazar@jumpstartlab.com,5555555000,16800 Point lookout rd,st marys city,md,20686
2026,1/21/09 22:29,zach,jones,olffj@jumpstartlab.com,3213215000,16800 Pt Lookout Rd,st. mary's city,md,20686
2035,1/21/09 22:31,teen,waldo,vf9gw@jumpstartlab.com,5555555000,16800 Point lookout rd,st marys city,md,20686
2036,1/21/09 22:31,lindsay,migliorini,jk2184a@jumpstartlab.com,3213215000,16800 Pt Lookout Rd,st. mary's city,md,20686
2047,1/21/09 22:33,rebecca,seeliger,yocoburn@jumpstartlab.com,5555555000,16800 Point lookout rd,st marys city,md,20686
2054,1/21/09 22:34,jessica,dulys-nusbaum,nvimslopez@jumpstartlab.com,3213215000,16800 Pt Lookout Rd,st. mary's city,md,20686
2058,1/21/09 22:35,stacy,peeler,tarta.musial@jumpstartlab.com,5555555000,16800 Point lookout rd,st marys city,md,20686
2063,1/21/09 22:37,linda,peterson,qaarren@jumpstartlab.com,3213215000,16800 Pt Lookout Rd,st. mary's city,md,20686
2065,1/21/09 22:37,brandon,hoh,hleyew@jumpstartlab.com,5555555000,16800 Point lookout rd,st marys city,md,20686
2076,1/21/09 22:39,katie,rodriguez,kkhorn@jumpstartlab.com,3213215000,16800 Point Lookout Rd.,st. mary's city,md,20686
2078,1/21/09 22:39,nora,bender,jxhnathon.daniel@jumpstartlab.com,5555555000,16800 point lookout rd,st marys city,md,20686
2088,1/21/09 22:41,courtney,kuria,vlk58@jumpstartlab.com,5555555000,16800 Point lookout rd,st marys city,md,20686
2093,1/21/09 22:43,sara,collier,xbenybn@jumpstartlab.com,5555555000,16800 Point lookout rd,st marys city,md,20686
2103,1/21/09 22:45,laura,thai,oally.sharrow@jumpstartlab.com,5555555000,16800 Point lookout rd,st marys city,md,20686
2109,1/21/09 22:46,john,fink,stiorio@jumpstartlab.com,3213215000,16800 Point Lookout Rd.,st. mary's city,md,20686
2117,1/21/09 22:47,myriam,chase,jevesayj@jumpstartlab.com,5555555000,16800 Point lookout rd,st marys city,md,20686
2123,1/21/09 22:49,chris,bradley,chehli.1@jumpstartlab.com,3213215000,16800 Point Lookout Rd.,st. mary's city,md,20686
2126,1/21/09 22:49,danielle,warren,okwhiteman@jumpstartlab.com,5555555000,16800 Point lookout rd,st marys cityq,md,20686
2139,1/21/09 22:51,lisa,kearney,vkeygordon@jumpstartlab.com,5555555000,16800 Point lookout rd,st marys city,md,20686
2149,1/21/09 22:53,gabrielle,stoneking,jostilllusesabeeper@jumpstartlab.com,5555555000,16800 Point lookout rd,st marys city,md,20686
2150,1/21/09 22:53,jake,hall,ifinero@jumpstartlab.com,4029904000,16800 Point Lookout Rd.,st. mary's city,md,20686
2155,1/21/09 22:54,bret,ebersole,yhsloa08@jumpstartlab.com,5555555000,16800 Point lookout rd,st marys city,md,20686
2160,1/21/09 22:55,nell,houghton,vjm2865@jumpstartlab.com,4029904000,16800 Point Lookout Rd.,st. mary's city,md,20686
2167,1/21/09 22:56,robert,wein,yahrison@jumpstartlab.com,5555555000,16800 Point lookout rd,st marys city,md,20686
2174,1/21/09 22:58,ashley,lopez,vermideo@jumpstartlab.com,5555555000,16800 Point lookout rd,st marys city,md,20686
2183,1/21/09 23:00,john,jahne,qyieff@jumpstartlab.com,5555555000,16800 Point lookout rd,st marys city,md,20686
2185,1/21/09 23:00,hannah,moskowitz,rbolley@jumpstartlab.com,4029904000,16800 Point Lookout Rd.,yhfh,md,20686
2190,1/21/09 23:01,tony,reay,uxffret@jumpstartlab.com,5555555000,16800 Point lookout rd,st marys city,md,20686
2303,1/21/09 23:40,eliza,baker,ykvinga@jumpstartlab.com,,MS 2361 Loyola College 4501 North Charles St,baltimore,md,21210
2310,1/21/09 23:42,natalie,fowler,netite_nombre@jumpstartlab.com,,MS 2361 4501 N Charles St,baltimore,md,21210
2317,1/21/09 23:44,william,davies,rxowden3@jumpstartlab.com,,MS 2361 4501 N. Charles St,baltimore,md,21210
2329,1/21/09 23:46,sarah,null,rcverburg@jumpstartlab.com,,MS 2361 4501 N. Charles St,baltimore,md,21210
2338,1/21/09 23:47,jennifer,donnelly,qxaschreck@jumpstartlab.com,,2361 4501 N. Charles St,baltimore,md,21210
2350,1/21/09 23:49,shelby,sullivan,bereenberg@jumpstartlab.com,6312912000,MS 2361 4501 N Charles St,baltimore,md,21210
2359,1/21/09 23:51,courtney,evans,agatsfunny1688@jumpstartlab.com,,MS 3356 Loyola College 4501 N Charles St,baltimore,md,21210
2370,1/21/09 23:53,wendy,hunter,elgerow@jumpstartlab.com,9087525000,MS 2361 4501 N Charles St,baltimore,md,21210
2375,1/21/09 23:55,lance,ter kuile,yboaks@jumpstartlab.com,6318735000,124,baltimore,md,21210
2381,1/21/09 23:57,chris,whitney,bcisher@jumpstartlab.com,,456,baltimore,md,21210
2545,1/22/09 13:22,null,mccusker,papokuag@jumpstartlab.com,,"1519 East Falkland Ln, Apt 154",silver spring,md,20910
2615,1/24/09 19:54,minrose,richards,klsheac@jumpstartlab.com,6179353000,"5215 Centreville Hall, University of Maryland",college park,md,20742
2668,1/26/09 20:47,diana,kolodin,mqrosent@jumpstartlab.com,3017872000,4226A Guilford Dr,college park,md,20817
2681,1/26/09 22:24,kevin,balinsky-baker,xlarab1@jumpstartlab.com,9145844000,7600 Flower Ave.,takoma park,md,20912
2682,1/26/09 22:27,richard,herman,xb@jumpstartlab.com,,1001 Kennebec Ave.,takoma park,md,20912
2683,1/26/09 22:36,michael,embick,sdfonteyne@jumpstartlab.com,9136871000,7600 Flower Ave.,"takoma park,",md,20912
2685,1/26/09 22:43,x,litzenberg,bfoseen@jumpstartlab.com,2403508000,15144 Red Cedar Dr.,burtonsville,md,20866
2686,1/26/09 23:11,melissa,stachowski,dnhimjolly@jumpstartlab.com,3015189000,15144 Red Cedar Dr.,burtonsville,md,20866
2691,1/26/09 23:23,dani,becker,uxch.hastings@jumpstartlab.com,2403869000,7600 Flower Ave.,takoma park,md,20912
2693,1/26/09 23:27,milton,lister,dqingold@jumpstartlab.com,3018914000,7600 Flower Ave.,takoma park,md,20912
2742,1/27/09 21:47,laura,voutour,tuyrotenberg@jumpstartlab.com,3014740000,2 P Plateau Pl,greenbelt,md,20770
2750,1/28/09 8:58,jessica,svoboda,vxitkens724@jumpstartlab.com,8608106000,4501 N Charles St. MS 2700,baltimore,md,21210
2756,1/28/09 11:24,jesse,doe,gsaddario@jumpstartlab.com,,1304 Peaceful Lane,silver spring,md,20904
2822,1/28/09 21:54,sheila,slote,gdristina.holland@jumpstartlab.com,3019741000,8252 Sandy Stream Road,laurel,md,20723
2842,1/29/09 10:13,daniel,doe,iicmseac@jumpstartlab.com,3013184000,7951 15th Ave #201,hyattsville,md,20783
2846,1/29/09 11:58,katie,hopkins,gbnichol@jumpstartlab.com,4105928000,11819 Stoney Batter Road,kingsville,md,21087
2892,1/29/09 15:12,laney,letcheva,pdisb_nuggs@jumpstartlab.com,8459887000,1401 potomac ave,hagerstown,md,21742
2946,1/29/09 19:54,carl,see,fuoungma@jumpstartlab.com,6785710000,247-09D Leonardtown,college park,md,20740
2960,1/29/09 20:46,matthew,borick,gclue-hitchens11@jumpstartlab.com,3013469000,247-09-C New Leonardtown,college park,md,20742
3006,1/30/09 10:41,alexis,kauffman,ctnteyj@jumpstartlab.com,6173650000,3339 N. Charles St.,baltimore,md,21218
3014,1/30/09 10:53,whitney,san roman,fgoore@jumpstartlab.com,6173650000,2 w. University Pkwy,baltimore,md,21218
3016,1/30/09 10:57,eleanor,tran,tiperchick447@jumpstartlab.com,6173650000,6010 California Cir 114,rockville,md,20852
3019,1/30/09 11:01,ben,sibelman,kntsosj@jumpstartlab.com,6173650000,712 Montpelier,baltimore,md,21218
3021,1/30/09 11:04,isabelle,thatcher,dybosem@jumpstartlab.com,6173650000,3339 N. Charles,baltimore,md,21218
3022,1/30/09 11:07,liana,gent,eggordon@jumpstartlab.com,6173650000,3900 Halstead,baltimore,md,21218
3024,1/30/09 11:10,jessica,bissessar,kkazirak@jumpstartlab.com,6173650000,110 W. 39th,baltimore,md,21210
3025,1/30/09 11:13,jake,matthews,feaversnob@jumpstartlab.com,6173650000,3501 st. paul,baltimore,md,21218
3026,1/30/09 11:15,stephen,xx,tull31@jumpstartlab.com,6173650000,3339 n charles,baltimore,md,21218
3029,1/30/09 11:18,laura,boyle,vvaterma@jumpstartlab.com,6173650000,110 w 39th,baltimore,md,21210
3030,1/30/09 11:21,john,westwood,ngelacolwell@jumpstartlab.com,6173650000,3301 n charles st.,baltimore,md,21218
3033,1/30/09 11:23,laura,webster,ows_braun@jumpstartlab.com,6173650000,3003 n charles st,baltimore,md,21218
3034,1/30/09 11:26,cassidy,smith,vxurengill@jumpstartlab.com,6173650000,3003 n charles st,baltimore,md,21218
3061,1/30/09 12:16,sherry,khouang,ceanzet@jumpstartlab.com,3016131000,x,x,md,21216
3064,1/30/09 12:19,keonna,caldwell,lwlarali@jumpstartlab.com,3016131000,x,x,md,21216
3066,1/30/09 12:21,meghan,student,txancourt@jumpstartlab.com,3016131000,x,x,md,21216
3071,1/30/09 12:23,catherine,dutton,xfnnie.woldorf@jumpstartlab.com,3016131000,x,x,md,21216
3075,1/30/09 12:27,philip,sangha,nmnes4re@jumpstartlab.com,3016131000,x,x,md,21216
3078,1/30/09 12:29,neha,d'addario,wyusecc@jumpstartlab.com,3016131000,x,x,md,21216
3079,1/30/09 12:30,russell,kurs,rnloe.sackett@jumpstartlab.com,3016131000,x,x,md,21216
3091,1/30/09 12:40,aditi,rizzo,odenajean@jumpstartlab.com,3016131000,x,x,md,21216
3096,1/30/09 12:43,meredith,zahorian,ypebee3000@jumpstartlab.com,3016131000,x,x,md,21216
3098,1/30/09 12:45,heather,thompson,rdm327@jumpstartlab.com,3016131000,x,x,md,21216
3139,1/30/09 14:16,null,howard,uqlitzen@jumpstartlab.com,5089549000,"247-10 Leonardtown, University of Maryland",college park,md,20742
3142,1/30/09 14:28,jessica,sanders,uvsorens@jumpstartlab.com,3016131000,x,x,md,21216
3144,1/30/09 14:30,melanie,phillips,hdaggio@jumpstartlab.com,3016131000,x,x,md,21216
3147,1/30/09 14:31,alicia,smedick,saoy3333@jumpstartlab.com,3016131000,x,x,md,21216
3148,1/30/09 14:33,caroline,mershon,ny@jumpstartlab.com,3016131000,x,x,md,21216
3149,1/30/09 14:37,michael,sprinzen,jyica.borgeswallace@jumpstartlab.com,3016131000,x,x,md,21216
3150,1/30/09 14:38,sandddd,hoffbeck,nrllinsj4@jumpstartlab.com,3016131000,x,x,md,21216
3152,1/30/09 14:39,holly,derwin,tcephanie.j.gardner@jumpstartlab.com,3016131000,x,x,md,21216
3153,1/30/09 14:41,diana,downing,sdhaw1@jumpstartlab.com,3016131000,x,x,md,21216
3156,1/30/09 14:43,sarah,waldman,cychelleighguillory@jumpstartlab.com,3016131000,x,x,md,21216
3159,1/30/09 14:44,mary,bell,cfeckerp@jumpstartlab.com,3016131000,x,x,md,21216
3161,1/30/09 14:46,bridget,hawes,lsmery@jumpstartlab.com,3016131000,x,x,md,21216
3165,1/30/09 14:47,philip,cruickshank,plerris@jumpstartlab.com,3016131000,x,x,md,21216
3166,1/30/09 14:48,robert,kohnstamm,ruood1988@jumpstartlab.com,3016131000,x,x,md,21216
3168,1/30/09 14:49,jason,law,agle_rosenblad@jumpstartlab.com,3016131000,x,x,md,21216
3169,1/30/09 14:51,eric,owens,moilema1@jumpstartlab.com,3016131000,x,x,md,21216
3171,1/30/09 14:52,jillian,dennis,urchnibe@jumpstartlab.com,3016131000,x,x,md,21216
3173,1/30/09 14:54,christie,pedicone,ixhndoe3@jumpstartlab.com,3016131000,x,x,md,21216
3175,1/30/09 14:55,marcellus,lane,nuttydus@jumpstartlab.com,3016131000,x,x,md,21216
3176,1/30/09 14:56,valencia,miller,dpaaaaaaaaa@jumpstartlab.com,3016131000,x,x,md,21216
3180,1/30/09 14:58,elizabeth,parry,acombard@jumpstartlab.com,3016131000,x,x,md,21216
3182,1/30/09 15:00,juliet,gill,tqnniferkrill@jumpstartlab.com,3016131000,x,x,md,21216
3184,1/30/09 15:01,catherine,howell-dinger,arnneryis007@jumpstartlab.com,3016131000,x,x,md,21216
3186,1/30/09 15:02,andrea,marchessault,ord9@jumpstartlab.com,3016131000,x,x,md,21216
3190,1/30/09 15:04,jane,mendez,natowel@jumpstartlab.com,3016131000,x,x,md,21216
3194,1/30/09 15:06,j,ray-mazumder,tmclaibo@jumpstartlab.com,3016131000,x,x,md,21216
3196,1/30/09 15:09,lea,finkel,reanelle.dugan@jumpstartlab.com,3016131000,x,x,md,21216
3199,1/30/09 15:10,whitney,lynch,ahccernsv@jumpstartlab.com,3016131000,x,x,md,21216
3201,1/30/09 15:11,michael,moynahan,hkianhalprin@jumpstartlab.com,3016131000,x,x,md,21216
3205,1/30/09 15:13,james,webster,vouljosephpark@jumpstartlab.com,3016131000,x,x,md,21216
3207,1/30/09 15:15,catherine,carodenuto,rcura.lipinski@jumpstartlab.com,3016131000,x,x,md,21216
3209,1/30/09 15:17,francesca,heinichen,lynfranklin@jumpstartlab.com,3016131000,x,x,md,21216
3211,1/30/09 15:18,elise,shapiro,aesout08@jumpstartlab.com,3016131000,x,x,md,21216
3213,1/30/09 15:20,andreah,van eck,qxcthruhiker17@jumpstartlab.com,3016131000,x,x,md,21216
3216,1/30/09 15:21,marci,wright,rbrie.stratton@jumpstartlab.com,3016131000,x,x,md,21216
3220,1/30/09 15:23,mary,skaggs,ijlldurrett@jumpstartlab.com,3016131000,x,x,md,21216
3222,1/30/09 15:25,lorenzo,coleman,jjaslett@jumpstartlab.com,3016131000,x,x,md,21216
3224,1/30/09 15:28,andrew,colehor,gjlupkin@jumpstartlab.com,3016131000,x,x,md,21216
3226,1/30/09 15:29,beth,laird,umt24@jumpstartlab.com,3016131000,x,x,md,21216
3230,1/30/09 15:31,arielle,dooley-feldman,kkccrory@jumpstartlab.com,3016131000,x,x,md,21216
3232,1/30/09 15:33,katherine,maloney,rcng2106@jumpstartlab.com,3016131000,x,x,md,21216
3235,1/30/09 15:34,rebecca,uzuki,gkpagecolby@jumpstartlab.com,3016131000,x,x,md,21216
3236,1/30/09 15:36,georgia,brown,pikeali27@jumpstartlab.com,3016131000,x,x,md,21216
3239,1/30/09 15:38,euric,griffin,rcll32@jumpstartlab.com,3016131000,x,x,md,21216
3241,1/30/09 15:40,natalie,jones,korkson.allegra@jumpstartlab.com,3016131000,x,x,md,21216
3242,1/30/09 15:41,stacy,reese,yohley.leclare@jumpstartlab.com,3016131000,x,x,md,21216
3341,1/30/09 17:50,charles,bolton,tfedina4@jumpstartlab.com,8143973000,1010 S. Kenwood Ave.,baltimore,md,21224
3452,1/31/09 6:44,tarini,atcheson,xkracken@jumpstartlab.com,4109920000,8945 Footed Ridge,columbia,md,21045
3480,1/31/09 12:02,jamie,marden,assse.d.jenkins@jumpstartlab.com,4432579000,"4230 Knox Road, Apt. 1530",college park,md,20742
3488,1/31/09 12:57,lillian,repka,nywaibi@jumpstartlab.com,2404260000,3109 Cambridge,college park,md,20742
3495,1/31/09 14:19,natalie,weinstein,xuwilburn11@jumpstartlab.com,2404010000,"247-9 Leonardtown Hall, University of Maryland",college park,md,20742
3497,1/31/09 14:22,nicholas,cooper,yyvidpcorrado@jumpstartlab.com,9788444000,8000 Boteler Lane,college park,md,20740
3506,1/31/09 14:52,shannon,stewart,liarry@jumpstartlab.com,4102276000,1000 Hilltop Circle,baltimore,md,21250
3628,1/31/09 16:26,melanie,manchada,gxudgens@jumpstartlab.com,7183054000,1492 Selworthy Rd,potomac,md,20854
3679,1/31/09 17:27,steph,frederick,krott@jumpstartlab.com,4104585000,8000 Boteler Lane Apt #124A,college park,md,29740
3688,1/31/09 17:50,tamara,siegel,dingbodu@jumpstartlab.com,3012579000,6905 donachie rd apt f,baltimore,md,21239
3691,1/31/09 17:53,jay,jeff,pmahlstr@jumpstartlab.com,3012579000,303 E. Burke Rd Apt C,towson,md,21286
3699,1/31/09 18:08,laurie,clancy,jk@jumpstartlab.com,3012579000,3115-8 university blvd west,kensington,md,20895
3702,1/31/09 18:10,jane,white,fpikatri@jumpstartlab.com,3012579000,8007 york rd apt C1,towson,md,21204
3703,1/31/09 18:11,cara,brubaker,tvnglese1@jumpstartlab.com,3103704000,6121 Centreville Hall,college park,md,20742
3704,1/31/09 18:12,marcelino,o'bryon,jxrrieweikle@jumpstartlab.com,3022455000,8000 Boteler Lane Apt. 124,college park,md,20740
3707,1/31/09 18:14,jessica,wang,vwinsa02@jumpstartlab.com,4436297000,11209 greenspring ave,lutherville,md,21093
3710,1/31/09 18:18,kirsten,suzor,hwiderc@jumpstartlab.com,4439942000,4603 harvard rd.,college park,md,20740
3715,1/31/09 18:21,amanda,dougherty,ukmitch07@jumpstartlab.com,2402103000,607 wilson ln,waldorf,md,20602
3718,1/31/09 18:24,x,griffard,skmbolger@jumpstartlab.com,3012667000,6580 glendale place,la plata,md,20646
3724,1/31/09 18:28,sarah,williams,dvjaff07@jumpstartlab.com,4436324000,14021 woodlings lane,reisterstown,md,21136
3729,1/31/09 18:34,sarah,brisbois,wqlee0808@jumpstartlab.com,4436324000,3043 Frisby St.,baltimore,md,21218
3731,1/31/09 18:34,kelly,santoro,auurtney.marie.davis@jumpstartlab.com,,28 Lee Ave. Apt. 303,takoma park,md,20912
3734,1/31/09 18:37,alice,ogutu,ury1@jumpstartlab.com,4436167000,3327 charles st,fallston,md,21047
3737,1/31/09 18:40,stephen,fonda-bonardi,rilking_contradiction_27@jumpstartlab.com,2403469000,3802 brewster circle,waldorf,md,20601
3739,1/31/09 18:42,jordan,pfeffer,xfanjarr@jumpstartlab.com,2404614000,251 manor circle,takoma park,md,20912
3741,1/31/09 18:45,hilary,nayeem,lhavis@jumpstartlab.com,3018141000,251 manor circle,takoma park,md,20912
3778,1/31/09 19:29,charlotte,syrig,wwedellstiles@jumpstartlab.com,3013184000,6201 41st Ave,hyattsville,md,20782
3782,1/31/09 19:36,zachary,reinauer,qrantiag@jumpstartlab.com,3046045000,5218 Centreville,college park,md,20742
3800,1/31/09 19:56,emma,barker,rcberger@jumpstartlab.com,3013200000,2 Bay Tree Lane,bethesda,md,20816
4005,2/1/09 9:32,bradly,zamudio,fyaronsmith@jumpstartlab.com,4102180000,1102 Somerset Hall,college park,md,20742
4054,2/1/09 13:07,megan,sager,xglia.shindel@jumpstartlab.com,5134172000,4227 Oglethorpe St.,hyattsville,md,20781
4089,2/1/09 14:14,null,gupta,sxhndoe14@jumpstartlab.com,,"1133 E West Hwy, Ste 319-W",silver spring,md,20910
4214,2/1/09 16:45,meredith,doe,uimenez@jumpstartlab.com,3012529000,8000 Travis Ln,college park,md,20740
4235,2/1/09 17:05,zach,fencl,smtak@jumpstartlab.com,5136803000,"8204 Baltimore Ave, Apt 718B",college park,md,20740
4347,2/1/09 18:45,brandon,zimmer,mmockc6@jumpstartlab.com,7327798000,401 Rosemont Ave.,frederick,md,21701
4537,2/1/09 20:44,paul,lazarowski,qnudmer@jumpstartlab.com,3013790000,17714 Meetinghouse Rd,sandy spring,md,20860
4542,2/1/09 20:49,shane,august,anhilips@jumpstartlab.com,3018912000,1012 Heather Ave,takoma park,md,20912
4550,2/1/09 20:52,leslie,barns,ufoff@jumpstartlab.com,2406261000,24 JerMae St,thurmont,md,21788
4551,2/1/09 20:53,scott,parker,qhuer321@jumpstartlab.com,2022701000,19308 Alderbarn Ct,brookeville,md,20833
4579,2/1/09 21:09,shannon,patrick,foshankland@jumpstartlab.com,2407500000,4 Vallingby Circle,rockvile,md,20850
4589,2/1/09 21:13,sophia,haskell,gbffb_123@jumpstartlab.com,3014740000,14-N Laurel Hill Road,greenbelt,md,20770
4604,2/1/09 21:20,rose,arnold,oqenville@jumpstartlab.com,3012337000,6 Middlebridge Ct,silver spring,md,20906
4617,2/1/09 21:23,alison,dickson,xoolloway10@jumpstartlab.com,3012995000,8158 Inverness Ridge Road,potomac,md,20854
4631,2/1/09 21:27,eliza,xx,wqrah.mary89@jumpstartlab.com,3019832000,11713 Charen Lane,potomac,md,20854
4666,2/1/09 21:37,kirsten,chronis,frmooski@jumpstartlab.com,3016174000,10584 Hunters Way,laurel,md,20723
4673,2/1/09 21:41,dominique,dewolf,xwh001@jumpstartlab.com,3015880000,9407 Worth Ave,silver spring,md,20901
4680,2/1/09 21:45,sam,wetherill,fyvegetarian@jumpstartlab.com,2404856000,10823 Margate Road,silver spring,md,20901
4693,2/1/09 21:48,x,comer,iaivings@jumpstartlab.com,2406728000,3708 Underwood Rd,chevy chase,md,20815
4697,2/1/09 21:52,katie,roy,dhigsi01@jumpstartlab.com,2063722000,6201 41st Ave,hyattsville,md,20782
4699,2/1/09 21:53,jessica,avendano,ruoore10@jumpstartlab.com,3017875000,1814 August Dr,silver spring,md,20902
4705,2/1/09 21:56,lauren,marquis,fqenshen@jumpstartlab.com,3018303000,2103 Hermitage Road,wheaton,md,20902
4714,2/1/09 21:59,michael,spero,dcna.kuhnline@jumpstartlab.com,3018019000,8905 Sudbury Road,silver spring,md,20901
4741,2/1/09 22:09,liam,theden,psmcgrew@jumpstartlab.com,3014211000,2217 Link Road,silver spring,md,20905
4751,2/1/09 22:13,stephanie,siegler,npmaho06@jumpstartlab.com,2406027000,6905 Pineway Ave,university park,md,20782
4758,2/1/09 22:19,ruth,wofford,paallmeyer@jumpstartlab.com,2404971000,7423 Lynnhurst Street,chevy chase,md,20815
4772,2/1/09 22:30,jane,schwaneke,fjh224@jumpstartlab.com,3012197000,310 Crabb Avenue,rockville,md,20850
4781,2/1/09 22:35,sajeewa,tedrow,gerumber@jumpstartlab.com,3017606000,7710 Iron Forge Court,derwood,md,20855
4786,2/1/09 22:37,rhiannon,mccall,plgermal@jumpstartlab.com,3014667000,4111 Elkton Hall,college park,md,20742
4789,2/1/09 22:38,shannen,queen,kjinda.manglik@jumpstartlab.com,3017749000,4105 Alfalfa Terrace,olney,md,20832
4861,2/1/09 23:11,meg,smith,jy379@jumpstartlab.com,3013184000,5024 Berwyn Road,college park,md,20740
4869,2/1/09 23:12,arden,lkjklljlkj,hslftylerblue@jumpstartlab.com,2402529000,3106 Dorchester Hall,college park,md,20742
4888,2/1/09 23:20,kara,baker,cms.bischoff@jumpstartlab.com,2408884000,7600 Flower Ave.,takoma park,md,20912
4904,2/1/09 23:25,genevieve,catellacci,gyura.kriegel@jumpstartlab.com,3013184000,6109 Hagerstown Hall,college park,md,20742
4909,2/1/09 23:26,eliza,gromisch,lqmoresch@jumpstartlab.com,3016761000,8241 Black Hawk Court,frederick,md,21701
4917,2/1/09 23:29,dordt,tale,qxope@jumpstartlab.com,4107107000,5104 Denton Hall,college park,md,20742
4920,2/1/09 23:30,christian,rueter,xlean@jumpstartlab.com,,224 Onley Road #103-A,salisbury,md,21804
4932,2/1/09 23:33,sarah,gosse,bsore@jumpstartlab.com,3042795000,7600 Flower Ave.,takoma park,md,20912
4936,2/1/09 23:33,austin,brummel,lpldor_a@jumpstartlab.com,3013184000,8000 Boteler Lane,college park,md,20740
4960,2/1/09 23:39,joseph,kolb,avdisido@jumpstartlab.com,3013184000,8000 Boteler Lane,college park,md,20740
4972,2/1/09 23:43,seth,holleb,ouitlinef324@jumpstartlab.com,,"4226 Guilford Drive, Apt A",college park,md,20740
4979,2/1/09 23:47,jordan,holdaway,ekazanec@jumpstartlab.com,3015239000,8133 Hagerstown Hall,college park,md,20742
4993,2/1/09 23:53,lorena,gladfelter,ylnjen3323@jumpstartlab.com,3012040000,2 College Hill,westminster,md,21157
5024,2/2/09 0:03,ben,rawstron,xjpivey@jumpstartlab.com,3193504000,6201 41st Ave,hyattsville,md,20782
5029,2/2/09 0:07,laura,butler,drcyprian@jumpstartlab.com,3013184000,247-9C New Leonardtown,college park,md,20742
5047,2/2/09 0:22,jake,sorenson,pqowen09@jumpstartlab.com,3017127000,4902 Cherokee Street,college park,md,20740
5107,2/2/09 6:55,kyle,wolfson,gjethin@jumpstartlab.com,2022220000,4004 32nd St,mount rainier,md,20712
5147,2/2/09 9:47,kerry,spence,cghsjp@jumpstartlab.com,4103031000,7400 Columbia Ave,college park,md,20740
5158,2/2/09 10:30,dan,aungst,vmrthsaver@jumpstartlab.com,5034758000,12545 Catalina Drive,lusby,md,20657
